<property file="build-user.properties"/>
<property name="plugin.name.versioned" value="${plugin.name}_${plugin.version}"/>
<property name="plugin.install.dir" value="${install.dir}/plugins/${plugin.name.versioned}"/>

    <property name="ganttproject-2.0.location" value="."/>
    <path id="project.classpath">
        <pathelement location="bin"/>
        <pathelement location="${ganttproject-2.0.location}/lib/core/AppleJavaExtensions.jar"/>
        <pathelement location="${ganttproject-2.0.location}/lib/core/commons-httpclient.jar"/>
        <pathelement location="${ganttproject-2.0.location}/lib/core/commons-httpclient-contrib.jar"/>
        <pathelement location="${ganttproject-2.0.location}/lib/core/commons-logging.jar"/>
        <pathelement location="${ganttproject-2.0.location}/lib/core/commons-transaction-1.0.jar"/>
        <pathelement location="${ganttproject-2.0.location}/lib/core/eclipsito.jar"/>
        <pathelement location="${ganttproject-2.0.location}/lib/core/helpgui-1.1.jar"/>
        <pathelement location="${ganttproject-2.0.location}/lib/core/jakarta-poi-2.5.jar"/>
        <pathelement location="${ganttproject-2.0.location}/lib/core/jakarta-slide-webdavlib-2.1.jar"/>
        <pathelement location="${ganttproject-2.0.location}/lib/core/jdnc-modifBen.jar"/>
        <pathelement location="${ganttproject-2.0.location}/lib/core/jdom-1.0.jar"/>
        <pathelement location="${ganttproject-2.0.location}/lib/core/jgoodies-looks-1.2.2.jar"/>
        <pathelement location="${ganttproject-2.0.location}/lib/core/xml-im-exporter1.1.jar"/>
        <pathelement location="${ganttproject-2.0.location}/lib/development/junit-3.8.1.jar"/>
    </path>
    <target name="init">
        <mkdir dir="bin"/>
    </target>
    <target name="clean">
        <delete dir="bin"/>
    </target>
    <target depends="init" name="build">
        <echo message="${ant.project.name}: ${ant.file}"/>
        <javac destdir="bin" source="1.4" debug="${debug}">
            <src path="src"/>
            <classpath refid="project.classpath"/>
        </javac>
    </target>

<target name="help">
    <echo message="Please run: $ ant -v -projecthelp"/>
</target>

<target name="message">
  <echo>
  ================================================================
  Installing plugin ${plugin.name.versioned} to 
  ${plugin.install.dir}
  </echo>
</target>

<target name="init-install">
   <mkdir dir="${plugin.install.dir}"/>
</target>

<target name="jar" depends="init-install,build">
   <jar destfile="${plugin.install.dir}/${plugin.jar.name}" basedir="bin" compress="yes"/>
</target>

<target name="copy-libs">
   <copy todir="${plugin.install.dir}">
      <fileset dir=".">
      	<include name="plugin.xml"/>
      	<include name="lib/**"/>
      	<exclude name="lib/development/"/>
      	<exclude name="lib/optional/"/>
      	<exclude name="lib/core/eclipsito.jar"/>
      	<include name="data/resources/**"/>
      </fileset>
   </copy>
   <copy todir="${install.dir}" file="lib/core/eclipsito.jar"/>
</target>

<target name="install" depends="message,clean,jar,copy-libs">
</target>

<target name="copy-src">
	<mkdir dir="${install.dir}/ganttproject"/>
  	<copy todir="${install.dir}/ganttproject">
  		<fileset dir=".">
  			<include name="src/**"/>
  			<include name="test/**"/>
   			<include name="lib/**"/>
  			<include name="data/resources/**"/>
  			<include name="AUTHORS"/>
  			<include name="COPYING"/>
  			<include name="README"/>
  			<include name="build.xml"/>
  			<include name="build-user.xml"/>
  			<include name="build-user.properties"/>
  			<include name="plugin.xml"/>
  			<include name="webstart-plugin.xml"/>
  			<include name=".project"/>
  			<include name=".classpath"/>
  			<include name="build.properties"/>
  		</fileset>
	</copy>
</target>

<target name="webstart">
	<mkdir dir="${webstart.dir}/configuration/${plugin.name.versioned}"/>
	<copy todir="${webstart.dir}/configuration/${plugin.name.versioned}/" file="webstart-plugin.xml"/>   
	<copy todir="${webstart.dir}" file="lib/core/eclipsito.jar"/>
	<copy tofile="${webstart.dir}/ganttproject.gif" file="data/resources/logos/icon32.gif"/>
	<jar destfile="${plugin.install.dir}/resources.jar">
	  <fileset dir="${plugin.install.dir}/data/resources/" includes="**/*"/>
	</jar>
	<jar destfile="${webstart.dir}/${plugin.name.versioned}.jar">
	  <fileset dir="${plugin.install.dir}">
	    <include name="*.jar"/>
	    <include name="lib/**"/>
	  </fileset>
	  <fileset dir="bin" includes="org/ganttproject/WebStartIDClass.class"/>
	</jar>
	<signjar jar="${webstart.dir}/eclipsito.jar" alias="${alias}" keystore="${keystore}" storepass="${storepass}"/>
	<signjar jar="${webstart.dir}/${plugin.name.versioned}.jar" alias="${alias}" keystore="${keystore}" storepass="${storepass}"/>
</target>
